external_id,title,description,price,old_price,category,image,url,in_stock
1475,BETT,"",24899.00,"",Betten,"",https://www.xxxlutz.de/p/mid-you-bett-001531001503,1
1476,BETT,"",2337.00,"",Betten,"",https://www.xxxlutz.de/p/mid-you-bett-001531001504,1
1477,BETT,"",294.00,"",Betten,"",https://www.xxxlutz.de/p/mid-you-bett-001531001403,1
969,SOFA Cord Beige,"",3093.00,"",Sofas & Couches,"",https://www.xxxlutz.de/p/mid-you-sofa-cord-beige-001692001201,1
1604,BETTEN-SET,"",329.00,"",Betten,"",https://www.xxxlutz.de/p/jekatex-betten-set-800000578797,1
1478,BETT in Kernbuche ,"",7799.00,"",Betten,"",https://www.xxxlutz.de/p/mid-you-bett-in-kernbuche-002834000304,1
1589,BETT 180/200 cm  in Fichtefarben ,"",949.00,"",Betten,"",https://www.xxxlutz.de/p/mid-you-bett-180-200-cm-in-fichtefarben-001298006201,1
1590,BETT 140/200 cm in Kernbuche,"",429.00,"",Betten,"",https://www.xxxlutz.de/p/carryhome-bett-140-200-cm-in-kernbuche-000844000801,1
1591,BETT 180/200 cm  in Wildeiche ,"",10999.00,"",Betten,"",https://www.xxxlutz.de/p/mid-you-bett-180-200-cm-in-wildeiche-002748004602,1
1701,BOXSPRINGBETT Agnus,"",89999.00,"",Boxspringbetten,https://media.xxxlutz.com/i/xxxlutz/NCeilijf_3x8aQPMGGK4yhRg/?fmt=auto&%24dq%24=,https://www.xxxlutz.de/p/fun-moebel-boxspringbett-agnus-800001001085,1
1702,BOXSPRINGBETT Agnus,"",22499.00,"",Boxspringbetten,https://media.xxxlutz.com/i/xxxlutz/NC61Xv8KGjBnx0QMVtyHcYHw/?fmt=auto&%24dq%24=,https://www.xxxlutz.de/p/fun-moebel-boxspringbett-agnus-800001001003,1
1703,BOXSPRINGBETT Agnus,"",239.00,"",Boxspringbetten,https://media.xxxlutz.com/i/xxxlutz/NCdzZ0nDibFrCoPp2IVNAr-g/?fmt=auto&%24dq%24=,https://www.xxxlutz.de/p/fun-moebel-boxspringbett-agnus-800001001059,1
1704,BOXSPRINGBETT Agnus,"",24998.00,"",Boxspringbetten,https://media.xxxlutz.com/i/xxxlutz/NCdzZ0nDibFrCoPp2IVNAr-g/?fmt=auto&%24dq%24=,https://www.xxxlutz.de/p/fun-moebel-boxspringbett-agnus-800001001024,1
1705,BOXSPRINGBETT Agnus,"",809.00,"",Boxspringbetten,https://media.xxxlutz.com/i/xxxlutz/NChDHil-p_S6Y7zsD7mevuWQ/?fmt=auto&%24dq%24=,https://www.xxxlutz.de/p/fun-moebel-boxspringbett-agnus-800001001033,1
1706,BOXSPRINGBETT Agnus,"",388.00,"",Boxspringbetten,https://media.xxxlutz.com/i/xxxlutz/NCvhAX0aXBOZC_zpqsbDE3DA/?fmt=auto&%24dq%24=,https://www.xxxlutz.de/p/fun-moebel-boxspringbett-agnus-800001001091,1
1707,BOXSPRINGBETT Agnus,"",33999.00,"",Boxspringbetten,https://media.xxxlutz.com/i/xxxlutz/NCeilijf_3x8aQPMGGK4yhRg/?fmt=auto&%24dq%24=,https://www.xxxlutz.de/p/fun-moebel-boxspringbett-agnus-800001001103,1
726,ECKSOFA inkl. Funktionen Grau Cord,"",899.00,"",Sofas & Couches,https://media.xxxlutz.com/i/xxxlutz/PImP6oWt9G3HWp1OfcXBgfsg/?fmt=auto&%24dq%24=,https://www.xxxlutz.de/p/xora-ecksofa-inkl-funktionen-grau-cord-002991004407,1
1598,BETT NATURE,"",38699.00,"",Betten,"",https://www.xxxlutz.de/p/vox-moebel-bett-nature-800000539736,1
1597,BETT NATURE,"",177.00,"",Betten,"",https://www.xxxlutz.de/p/vox-moebel-bett-nature-800000539731,1
774,ECKSOFA Petrol Plüsch,"",999.00,"",Sofas & Couches,"",https://www.xxxlutz.de/p/carryhome-ecksofa-petrol-pluesch-001877066021,1
672,ECKSOFA Anthrazit Cord,"",599.00,"",Sofas & Couches,https://media.xxxlutz.com/i/xxxlutz/PIzn89KqZLTkakatFcEY-1Ng/?fmt=auto&%24dq%24=,https://www.xxxlutz.de/p/carryhome-ecksofa-anthrazit-cord-002427006305,1
673,ECKSOFA inkl.Funktionen Grau Webstoff,"",799.00,"",Sofas & Couches,https://media.xxxlutz.com/i/xxxlutz/PITHryZ4N-vgxuu_EUw7uikQ/?fmt=auto&%24dq%24=,https://www.xxxlutz.de/p/xora-ecksofa-inkl-funktionen-grau-webstoff-002991002304,1
674,ECKSOFA SELVA L-S Grau Velours-Stoff mit Schlaffunktion,"",889.00,"",Sofas & Couches,https://media.xxxlutz.com/i/xxxlutz/NCtBrIpuQWHQiIWqbOXmEdnw/?fmt=auto&%24dq%24=,https://www.xxxlutz.de/p/masseno-ecksofa-selva-l-s-grau-velours-stoff-mit-schlaffunktion-800000815144,1
675,SITZGARNITUR Samt Beige,"",471.00,"",Sofas & Couches,https://media.xxxlutz.com/i/xxxlutz/PItbYGx0ve7nrKRhp33EBH3A/?fmt=auto&%24dq%24=,https://www.xxxlutz.de/p/p-b-sitzgarnitur-samt-beige-002694004402,1
676,ECKSOFA L-form Sofa Grand modular stoff Haga Grün Links,"",999.00,"",Sofas & Couches,https://media.xxxlutz.com/i/xxxlutz/NCHJPdiYoiOYuWeNKrCX2ahw/?fmt=auto&%24dq%24=,https://www.xxxlutz.de/p/kaiser-moebel-ecksofa-l-form-sofa-grand-modular-stoff-haga-gruen-links-800000934897,1
677,ECKSOFA L-form Sofa Grand modular stoff Haga Grün Rechts,"",999.00,"",Sofas & Couches,https://media.xxxlutz.com/i/xxxlutz/NCHJPdiYoiOYuWeNKrCX2ahw/?fmt=auto&%24dq%24=,https://www.xxxlutz.de/p/kaiser-moebel-ecksofa-l-form-sofa-grand-modular-stoff-haga-gruen-rechts-800000934901,1
678,SITZGARNITUR Velours Grau,"",362.00,"",Sofas & Couches,"",https://www.xxxlutz.de/p/p-b-sitzgarnitur-velours-grau-002381039601,1
679,ECKSOFA inkl. Funktionen Dunkelgrau Chenille,"",999.00,"",Sofas & Couches,"",https://www.xxxlutz.de/p/xora-ecksofa-inkl-funktionen-dunkelgrau-chenille-002424004402,1
680,3-SITZER-SOFA around the block Echtleder Gelb,"",2559.44,"",Sofas & Couches,https://media.xxxlutz.com/i/xxxlutz/PIjNxd9nnktUFmh-TxhsEFFw/?fmt=auto&%24dq%24=,https://www.xxxlutz.de/p/chilliano-3-sitzer-sofa-around-the-block-echtleder-gelb-000137009305,1
681,ECKSOFA Naturfarben Cord,"",899.00,"",Sofas & Couches,https://media.xxxlutz.com/i/xxxlutz/PIhad-c-1H2BxzmEszOp698g/?fmt=auto&%24dq%24=,https://www.xxxlutz.de/p/carryhome-ecksofa-naturfarben-cord-000812010301,1
682,ECKSOFA inkl. Funktionen Dunkelgrau Chenille,"",1299.00,"",Sofas & Couches,"",https://www.xxxlutz.de/p/xora-ecksofa-inkl-funktionen-dunkelgrau-chenille-002424007301,1
683,ECKSOFA Creme Chenille,"",899.00,"",Sofas & Couches,"",https://www.xxxlutz.de/p/carryhome-ecksofa-creme-chenille-001877056203,1
684,SITZGARNITUR Mikrofaser Dunkelblau,"",721.00,"",Sofas & Couches,"",https://www.xxxlutz.de/p/livetastic-sitzgarnitur-mikrofaser-dunkelblau-002381039201,1
685,ECKSOFA Eckteil Grau Leinenoptik,"",295.00,"",Sofas & Couches,"",https://www.xxxlutz.de/p/mid-you-ecksofa-eckteil-grau-leinenoptik-002694001401,1
686,2-SITZER-SOFA Echtleder Dunkelbraun,"",699.00,"",Sofas & Couches,"",https://www.xxxlutz.de/p/celina-home-2-sitzer-sofa-echtleder-dunkelbraun-001728000201,1
687,ECKSOFA Grau Webstoff,"",999.00,"",Sofas & Couches,https://media.xxxlutz.com/i/xxxlutz/PI-y7Wm3Uy2Dbsfnt4E4VoLw/?fmt=auto&%24dq%24=,https://www.xxxlutz.de/p/carryhome-ecksofa-grau-webstoff-00064700561J,1
688,BIGSOFA Webstoff Schwarz,"",1299.00,"",Sofas & Couches,https://media.xxxlutz.com/i/xxxlutz/PI1AAYBVRn5GWlL_HFEtdujQ/?fmt=auto&%24dq%24=,https://www.xxxlutz.de/p/hom-in-bigsofa-webstoff-schwarz-000647004301,1
689,SOFA Falconn – Modernes Ecksofa mit Elektrischem Sitzvorschub und Integriertem Bettkasten,"",1859.00,"",Sofas & Couches,https://media.xxxlutz.com/i/xxxlutz/NC4WLkRIXe4sGUjr5HA9ABrw/?fmt=auto&%24dq%24=,https://www.xxxlutz.de/p/eltap-sofa-falconn-modernes-ecksofa-mit-elektrischem-sitzvorschub-und-integriertem-bettkasten-800000945894,1
690,2-SITZER-SOFA Echtleder Taupe,"",2199.00,"",Sofas & Couches,https://media.xxxlutz.com/i/xxxlutz/PINUWlA3PMyOrTy2os7e-p6A/?fmt=auto&%24dq%24=,https://www.xxxlutz.de/p/dieter-knoll-2-sitzer-sofa-echtleder-taupe-001581032718,1
691,BIGSOFA Cord Dunkelgrau,"",1149.00,"",Sofas & Couches,https://media.xxxlutz.com/i/xxxlutz/PICDSR9OOeAvD_VplySwqKQg/?fmt=auto&%24dq%24=,https://www.xxxlutz.de/p/carryhome-bigsofa-cord-dunkelgrau-000670002411,1
692,Ecksofa inkl. Funktionen Hellgrau Chenille,"",1199.00,"",Sofas & Couches,"",https://www.xxxlutz.de/p/stylife-ecksofa-inkl-funktionen-hellgrau-chenille-000553016419,1
693,2-SITZER-SOFA Echtleder Weiß,"",2199.00,"",Sofas & Couches,https://media.xxxlutz.com/i/xxxlutz/PIXtQye_vzsZcP_HhldRjjSw/?fmt=auto&%24dq%24=,https://www.xxxlutz.de/p/dieter-knoll-2-sitzer-sofa-echtleder-wei-001581032710,1
694,WOHNLANDSCHAFT Antalya Schwarz 382/190/91 cm – Sofa mit Bettfunktion,"",1229.49,"",Sofas & Couches,https://media.xxxlutz.com/i/xxxlutz/NCDcO3hZnVqeFvQBCgG0FKew/?fmt=auto&%24dq%24=,https://www.xxxlutz.de/p/wohnlandschaft-antalya-schwarz-382-190-91-cm-sofa-mit-bettfunktion-800001071585,1
695,WOHNLANDSCHAFT Antalya Grau 382/190/91 cm – Sofa mit Bettfunktion,"",1229.49,"",Sofas & Couches,https://media.xxxlutz.com/i/xxxlutz/NCwmosnHnSHSGPXL9eoFVimA/?fmt=auto&%24dq%24=,https://www.xxxlutz.de/p/wohnlandschaft-antalya-grau-382-190-91-cm-sofa-mit-bettfunktion-800001071600,1
696,ECKSOFA L-form Sofa Grand modular stoff Haga Ecru Rechts,"",999.00,"",Sofas & Couches,https://media.xxxlutz.com/i/xxxlutz/NCzEWtU28brsP2Fk7ijSvH-g/?fmt=auto&%24dq%24=,https://www.xxxlutz.de/p/kaiser-moebel-ecksofa-l-form-sofa-grand-modular-stoff-haga-ecru-rechts-800000934899,1
697,ECKSOFA L-form Sofa Grand modular stoff Haga Hellgrau Links,"",999.00,"",Sofas & Couches,https://media.xxxlutz.com/i/xxxlutz/NCeX0KgY8ymxVklpTwJTZbsg/?fmt=auto&%24dq%24=,https://www.xxxlutz.de/p/kaiser-moebel-ecksofa-l-form-sofa-grand-modular-stoff-haga-hellgrau-links-800000934896,1
698,ECKSOFA L-form Sofa Grand modular stoff Haga Beige Links,"",999.00,"",Sofas & Couches,https://media.xxxlutz.com/i/xxxlutz/NCah0hQMkcFWrNpsZAREaXyA/?fmt=auto&%24dq%24=,https://www.xxxlutz.de/p/kaiser-moebel-ecksofa-l-form-sofa-grand-modular-stoff-haga-beige-links-800000934903,1
699,ECKSOFA L-form Sofa Grand modular stoff Haga Graphit Rechts,"",999.00,"",Sofas & Couches,https://media.xxxlutz.com/i/xxxlutz/NCcz3XDiFv2NZSQuw3yT9kgQ/?fmt=auto&%24dq%24=,https://www.xxxlutz.de/p/kaiser-moebel-ecksofa-l-form-sofa-grand-modular-stoff-haga-graphit-rechts-800000934902,1
700,ECKSOFA L-form Sofa Grand modular stoff Haga Grau Rechts,"",999.00,"",Sofas & Couches,https://media.xxxlutz.com/i/xxxlutz/NCZDVAnAKmCp4WTLZKqi8IfA/?fmt=auto&%24dq%24=,https://www.xxxlutz.de/p/kaiser-moebel-ecksofa-l-form-sofa-grand-modular-stoff-haga-grau-rechts-800000934895,1
701,ECKSOFA L-form Sofa Grand modular stoff Haga Grau Links,"",999.00,"",Sofas & Couches,https://media.xxxlutz.com/i/xxxlutz/NCZDVAnAKmCp4WTLZKqi8IfA/?fmt=auto&%24dq%24=,https://www.xxxlutz.de/p/kaiser-moebel-ecksofa-l-form-sofa-grand-modular-stoff-haga-grau-links-800000934898,1
1997,KOMMODE Sideboard,"",1049.00,"",Kommoden,"",https://www.xxxlutz.de/p/homcom-kommode-sideboard-800000809623,1
702,ECKSOFA L-form Sofa Grand modular stoff Haga Ecru Links,"",999.00,"",Sofas & Couches,https://media.xxxlutz.com/i/xxxlutz/NCzEWtU28brsP2Fk7ijSvH-g/?fmt=auto&%24dq%24=,https://www.xxxlutz.de/p/kaiser-moebel-ecksofa-l-form-sofa-grand-modular-stoff-haga-ecru-links-800000934904,1
703,ECKSOFA L-form Sofa Grand modular stoff Haga Rotwein Rechts,"",999.00,"",Sofas & Couches,https://media.xxxlutz.com/i/xxxlutz/NCO6NB7IVD8WvEBXVfF1H1Uw/?fmt=auto&%24dq%24=,https://www.xxxlutz.de/p/kaiser-moebel-ecksofa-l-form-sofa-grand-modular-stoff-haga-rotwein-rechts-800000934905,1
704,ECKSOFA L-form Sofa Grand modular stoff Haga Rotwein Links,"",999.00,"",Sofas & Couches,https://media.xxxlutz.com/i/xxxlutz/NCO6NB7IVD8WvEBXVfF1H1Uw/?fmt=auto&%24dq%24=,https://www.xxxlutz.de/p/kaiser-moebel-ecksofa-l-form-sofa-grand-modular-stoff-haga-rotwein-links-800000934894,1
705,ECKSOFA L-form Sofa Grand modular stoff Haga Graphit Links,"",999.00,"",Sofas & Couches,https://media.xxxlutz.com/i/xxxlutz/NCcz3XDiFv2NZSQuw3yT9kgQ/?fmt=auto&%24dq%24=,https://www.xxxlutz.de/p/kaiser-moebel-ecksofa-l-form-sofa-grand-modular-stoff-haga-graphit-links-800000934906,1
706,ECKSOFA L-form Sofa Grand modular stoff Haga Hellgrau Rechts,"",999.00,"",Sofas & Couches,https://media.xxxlutz.com/i/xxxlutz/NCeX0KgY8ymxVklpTwJTZbsg/?fmt=auto&%24dq%24=,https://www.xxxlutz.de/p/kaiser-moebel-ecksofa-l-form-sofa-grand-modular-stoff-haga-hellgrau-rechts-800000934907,1
707,ECKSOFA inkl. Funktionen Hellgrau Cord,"",899.00,"",Sofas & Couches,https://media.xxxlutz.com/i/xxxlutz/PIDdNXfCDyPEItz5342DsQrQ/?fmt=auto&%24dq%24=,https://www.xxxlutz.de/p/xora-ecksofa-inkl-funktionen-hellgrau-cord-002991004401,1
708,ECKSOFA Sofa U-Form Couch U form Hannover Stoff Castel Beige,"",1159.00,"",Sofas & Couches,https://media.xxxlutz.com/i/xxxlutz/NC8YuuPAL6_ULEujTyhWGw0g/?fmt=auto&%24dq%24=,https://www.xxxlutz.de/p/kaiser-moebel-ecksofa-sofa-u-form-couch-u-form-hannover-stoff-castel-beige-800001008741,1
709,ECKSOFA Sofa U-Form Couch U form Hannover Stoff Castel Grün,"",1159.00,"",Sofas & Couches,https://media.xxxlutz.com/i/xxxlutz/NCXFfr41P0UdpVI79pNIeAZA/?fmt=auto&%24dq%24=,https://www.xxxlutz.de/p/kaiser-moebel-ecksofa-sofa-u-form-couch-u-form-hannover-stoff-castel-gruen-800001008733,1
710,ECKSOFA Sofa U-Form Couch U form Hannover Stoff Castel Ecru,"",1159.00,"",Sofas & Couches,https://media.xxxlutz.com/i/xxxlutz/NC2JxyBD1wFEMdghcQfZdFoA/?fmt=auto&%24dq%24=,https://www.xxxlutz.de/p/kaiser-moebel-ecksofa-sofa-u-form-couch-u-form-hannover-stoff-castel-ecru-800001008762,1
711,ECKSOFA Sofa U-Form Couch U form Hannover Stoff Castel Hellgrau,"",1159.00,"",Sofas & Couches,https://media.xxxlutz.com/i/xxxlutz/NC7edwIW_FupxvZwjkYACrwg/?fmt=auto&%24dq%24=,https://www.xxxlutz.de/p/kaiser-moebel-ecksofa-sofa-u-form-couch-u-form-hannover-stoff-castel-hellgrau-800001008722,1
713,ECKSOFA Sofa U-Form Couch U form Hannover Stoff Castel Grau,"",1159.00,"",Sofas & Couches,https://media.xxxlutz.com/i/xxxlutz/NCP7XBC18dIsUaKb7vjF9UmA/?fmt=auto&%24dq%24=,https://www.xxxlutz.de/p/kaiser-moebel-ecksofa-sofa-u-form-couch-u-form-hannover-stoff-castel-grau-800001008755,1
714,3-SITZER-SOFA around the block Echtleder Dunkelbraun,"",2559.44,"",Sofas & Couches,https://media.xxxlutz.com/i/xxxlutz/PIr6HFUwEdd2dkuyOuilQ3yg/?fmt=auto&%24dq%24=,https://www.xxxlutz.de/p/chilliano-3-sitzer-sofa-around-the-block-echtleder-dunkelbraun-000137009329,1
715,ECKSOFA inkl. Funktionen Dunkelgrau Cord,"",899.00,"",Sofas & Couches,https://media.xxxlutz.com/i/xxxlutz/PIXIwd1NtfMIOsYr5_VrYy_A/?fmt=auto&%24dq%24=,https://www.xxxlutz.de/p/xora-ecksofa-inkl-funktionen-dunkelgrau-cord-002991004409,1
716,ECKSOFA MIT SCHLAFFUNKTION ELMA  Dunkelgrau,"",352.80,"",Sofas & Couches,https://media.xxxlutz.com/i/xxxlutz/NCa2-_e-saA2rsJQ5JBZERxw/?fmt=auto&%24dq%24=,https://www.xxxlutz.de/p/ecksofa-mit-schlaffunktion-elma-dunkelgrau-800000852374,1
717,ECKSOFA Dunkelgrün Cord,"",999.00,"",Sofas & Couches,https://media.xxxlutz.com/i/xxxlutz/PI2mfbi8UPOpqKUxzBIRfuoA/?fmt=auto&%24dq%24=,https://www.xxxlutz.de/p/home24-ecksofa-dunkelgruen-cord-001877100028,1
718,ECKSOFA Dunkelgrau Cord,"",163.00,"",Sofas & Couches,https://media.xxxlutz.com/i/xxxlutz/PIfsVxCbbIiFZqYQF-SZsD7A/?fmt=auto&%24dq%24=,https://www.xxxlutz.de/p/p-b-ecksofa-dunkelgrau-cord-000317005702,1
719,WOHNLANDSCHAFT - Ecksofa U - Luka U - Hellgrau (Twist 19),"",1219.00,"",Sofas & Couches,https://media.xxxlutz.com/i/xxxlutz/NC66-q9jWeunCAubCorS4lcA/?fmt=auto&%24dq%24=,https://www.xxxlutz.de/p/moeblo-wohnlandschaft-ecksofa-u-luka-u-hellgrau-_twist-19-800000930994,1
720,WOHNLANDSCHAFT - Ecksofa U - Luka U - Grau (Twist 20),"",1219.00,"",Sofas & Couches,https://media.xxxlutz.com/i/xxxlutz/NCQ-PeW-zj2fmQR04-bvskug/?fmt=auto&%24dq%24=,https://www.xxxlutz.de/p/moeblo-wohnlandschaft-ecksofa-u-luka-u-grau-_twist-20-800000930999,1
721,WOHNLANDSCHAFT Antalya Beige 382/190/91 cm – Sofa mit Bettfunktion,"",1229.49,"",Sofas & Couches,https://media.xxxlutz.com/i/xxxlutz/NC1i1yctl4k-vizpKWLVkFgA/?fmt=auto&%24dq%24=,https://www.xxxlutz.de/p/wohnlandschaft-antalya-beige-382-190-91-cm-sofa-mit-bettfunktion-800001071591,1
722,WOHNLANDSCHAFT - Ecksofa U - Luka U - Dunkelgrau (Twist 23),"",1219.00,"",Sofas & Couches,https://media.xxxlutz.com/i/xxxlutz/NCSKzQEDR8Cn3ePAyrUHZDkg/?fmt=auto&%24dq%24=,https://www.xxxlutz.de/p/moeblo-wohnlandschaft-ecksofa-u-luka-u-dunkelgrau-_twist-23-800000931000,1
723,WOHNLANDSCHAFT - Ecksofa U - Luka U - Beige (Twist 01),"",1219.00,"",Sofas & Couches,https://media.xxxlutz.com/i/xxxlutz/NCxjMWpp5XO2aTpDMH1Sersg/?fmt=auto&%24dq%24=,https://www.xxxlutz.de/p/moeblo-wohnlandschaft-ecksofa-u-luka-u-beige-_twist-01-800000930987,1
724,WOHNLANDSCHAFT - Ecksofa U - Luka U - Braun (Twist 06),"",1219.00,"",Sofas & Couches,https://media.xxxlutz.com/i/xxxlutz/NC05mWG1Dv_XSJH6ZqmC8DMA/?fmt=auto&%24dq%24=,https://www.xxxlutz.de/p/moeblo-wohnlandschaft-ecksofa-u-luka-u-braun-_twist-06-800000930983,1
725,ECKSOFA Dunkelgrün Cord,"",1199.00,"",Sofas & Couches,https://media.xxxlutz.com/i/xxxlutz/PIPRV4KWgCXsp0ljKjhBX1OA/?fmt=auto&%24dq%24=,https://www.xxxlutz.de/p/mid-you-ecksofa-dunkelgruen-cord-002310006713,1
727,3-SITZER-SOFA Echtleder Schwarz,"",1299.00,"",Sofas & Couches,https://media.xxxlutz.com/i/xxxlutz/PIfX6ZjK8Cma1dd09Di5fk0g/?fmt=auto&%24dq%24=,https://www.xxxlutz.de/p/livetastic-3-sitzer-sofa-echtleder-schwarz-002951003302,1
728,ECKSOFA Dunkelgrau Chenille,"",1499.00,"",Sofas & Couches,https://media.xxxlutz.com/i/xxxlutz/PI7dt6OxSeyyxp-lMgcNg5ag/?fmt=auto&%24dq%24=,https://www.xxxlutz.de/p/xora-ecksofa-dunkelgrau-chenille-002527008701,1
730,ECKSOFA Olivgrün Flachgewebe,"",999.00,"",Sofas & Couches,https://media.xxxlutz.com/i/xxxlutz/PIEiaFDzIr7y_LMd_Lodg_aw/?fmt=auto&%24dq%24=,https://www.xxxlutz.de/p/carryhome-ecksofa-olivgruen-flachgewebe-001877000601,1
731,ECKSOFA Dunkelbraun Echtleder,"",2099.00,"",Sofas & Couches,https://media.xxxlutz.com/i/xxxlutz/PIzvSfyQEkxG1-KIvv5m-uBg/?fmt=auto&%24dq%24=,https://www.xxxlutz.de/p/novel-ecksofa-dunkelbraun-echtleder-000457001025,1
732,SOFA Graues Ledersofa 2-sitzig 175/90/78 cm,"",1732.00,"",Sofas & Couches,"",https://www.xxxlutz.de/p/angel-cerda-sofa-graues-ledersofa-2-sitzig-175-90-78-cm-800000673119,1
733,ECKSOFA Dunkelgrau Chenille,"",1499.00,"",Sofas & Couches,https://media.xxxlutz.com/i/xxxlutz/PI7dt6OxSeyyxp-lMgcNg5ag/?fmt=auto&%24dq%24=,https://www.xxxlutz.de/p/xora-ecksofa-dunkelgrau-chenille-002527008701,1
734,ECKSOFA inkl. Funktionen Grau Cord,"",899.00,"",Sofas & Couches,https://media.xxxlutz.com/i/xxxlutz/PImP6oWt9G3HWp1OfcXBgfsg/?fmt=auto&%24dq%24=,https://www.xxxlutz.de/p/xora-ecksofa-inkl-funktionen-grau-cord-002991004407,1
735,ECKSOFA Creme Velours,"",999.00,"",Sofas & Couches,https://media.xxxlutz.com/i/xxxlutz/PIZgz93DMl3jMgR-URzHvUlw/?fmt=auto&%24dq%24=,https://www.xxxlutz.de/p/carryhome-ecksofa-creme-velours-002427026501,1
736,ECKSOFA Beige Flachgewebe,"",999.00,"",Sofas & Couches,https://media.xxxlutz.com/i/xxxlutz/PI187EGWAWWEnD9RQJT3zi5A/?fmt=auto&%24dq%24=,https://www.xxxlutz.de/p/carryhome-ecksofa-beige-flachgewebe-002300011412,1
712,2-SITZER-SOFA Braun Echtleder,"",1499.00,"",Sofas & Couches,"",https://www.xxxlutz.de/p/max-winzer-2-sitzer-sofa-braun-echtleder-001775020801,1
737,ECKSOFA Dunkelbraun Echtleder,"",2099.00,"",Sofas & Couches,https://media.xxxlutz.com/i/xxxlutz/PIzvSfyQEkxG1-KIvv5m-uBg/?fmt=auto&%24dq%24=,https://www.xxxlutz.de/p/novel-ecksofa-dunkelbraun-echtleder-000457001025,1
738,SOFA Graues Ledersofa 2-sitzig 175/90/78 cm,"",1732.00,"",Sofas & Couches,"",https://www.xxxlutz.de/p/angel-cerda-sofa-graues-ledersofa-2-sitzig-175-90-78-cm-800000673119,1
739,ECKSOFA Ottomane Rechts SERRA-L - 266x169x80 cm Beige Velours,"",919.90,"",Sofas & Couches,https://media.xxxlutz.com/i/xxxlutz/NCJw94qOEFrLDP_nPTLDAcXQ/?fmt=auto&%24dq%24=,https://www.xxxlutz.de/p/altdecor-ecksofa-ottomane-rechts-serra-l-266x169x80-cm-beige-velours-800000949496,1
740,SOFA 3-sitzer ledersofa nerz 215/103/99 cm,"",2898.00,"",Sofas & Couches,"",https://www.xxxlutz.de/p/angel-cerda-sofa-3-sitzer-ledersofa-nerz-215-103-99-cm-800000673122,1
741,SOFA Schwarzes Ledersofa 2-sitzig 157/100/94 cm,"",1632.00,"",Sofas & Couches,"",https://www.xxxlutz.de/p/angel-cerda-sofa-schwarzes-ledersofa-2-sitzig-157-100-94-cm-800000673132,1
742,SOFA Schwarzes Ledersofa 3-sitzig 197/100/94 cm,"",2116.00,"",Sofas & Couches,"",https://www.xxxlutz.de/p/angel-cerda-sofa-schwarzes-ledersofa-3-sitzig-197-100-94-cm-800000673086,1
743,SOFA 3-sitzer nerz ledersofa 209/92/77 cm,"",2009.00,"",Sofas & Couches,"",https://www.xxxlutz.de/p/angel-cerda-sofa-3-sitzer-nerz-ledersofa-209-92-77-cm-800000673121,1
744,ECKSOFA Dunkelgrün Cord,"",899.00,"",Sofas & Couches,https://media.xxxlutz.com/i/xxxlutz/PI7PAR04FY51iA9eWb6J_QaA/?fmt=auto&%24dq%24=,https://www.xxxlutz.de/p/carryhome-ecksofa-dunkelgruen-cord-000812010305,1
759,ECKSOFA Anthrazit Mikrofaser,"",1899.00,"",Sofas & Couches,https://media.xxxlutz.com/i/xxxlutz/PIW2py5_SIfLI4BcbXFjm-bg/?fmt=auto&%24dq%24=,https://www.xxxlutz.de/p/beldomo-speed-ecksofa-anthrazit-mikrofaser-000711005353,1
745,ECKSOFA Mit Schlaffunktion Und Bettkasten L-förmiges Sofa Capri Stoff Verita Links Warmbeige,"",799.00,"",Sofas & Couches,https://media.xxxlutz.com/i/xxxlutz/NCh18c1WN3mGmv7-B7buHm_Q/?fmt=auto&%24dq%24=,https://www.xxxlutz.de/p/kaiser-moebel-ecksofa-mit-schlaffunktion-und-bettkasten-l-foermiges-sofa-capri-stoff-verita-links-warmbeige-800000978507,1
746,ECKSOFA Mit Schlaffunktion Und Bettkasten L-förmiges Sofa Capri Stoff Verita Links Dunkelgrün,"",799.00,"",Sofas & Couches,https://media.xxxlutz.com/i/xxxlutz/NCr2qXWfzQmqWGFZnMYmljig/?fmt=auto&%24dq%24=,https://www.xxxlutz.de/p/kaiser-moebel-ecksofa-mit-schlaffunktion-und-bettkasten-l-foermiges-sofa-capri-stoff-verita-links-dunkelgruen-800000978519,1
747,ECKSOFA Mit Schlaffunktion Und Bettkasten L-förmiges Sofa Capri Stoff Verita Links Kupfer,"",799.00,"",Sofas & Couches,https://media.xxxlutz.com/i/xxxlutz/NCRZIK6BPmf6Hp3FVbHV-BtA/?fmt=auto&%24dq%24=,https://www.xxxlutz.de/p/kaiser-moebel-ecksofa-mit-schlaffunktion-und-bettkasten-l-foermiges-sofa-capri-stoff-verita-links-kupfer-800000978523,1
748,ECKSOFA Mit Schlaffunktion Und Bettkasten L-förmiges Sofa Capri Stoff Verita Links Ecru,"",799.00,"",Sofas & Couches,https://media.xxxlutz.com/i/xxxlutz/NCUqzO881AaaizYd4dqIFHEg/?fmt=auto&%24dq%24=,https://www.xxxlutz.de/p/kaiser-moebel-ecksofa-mit-schlaffunktion-und-bettkasten-l-foermiges-sofa-capri-stoff-verita-links-ecru-800000978509,1
749,ECKSOFA Mit Schlaffunktion Und Bettkasten L-förmiges Sofa Capri Stoff Verita Rechts Dunkelbeige,"",799.00,"",Sofas & Couches,https://media.xxxlutz.com/i/xxxlutz/NCs2CRP_kzSJKVrV1PNoQSEw/?fmt=auto&%24dq%24=,https://www.xxxlutz.de/p/kaiser-moebel-ecksofa-mit-schlaffunktion-und-bettkasten-l-foermiges-sofa-capri-stoff-verita-rechts-dunkelbeige-800000978520,1
750,ECKSOFA Mit Schlaffunktion Und Bettkasten L-förmiges Sofa Capri Stoff Verita Rechts Schwarz,"",799.00,"",Sofas & Couches,https://media.xxxlutz.com/i/xxxlutz/NCz1__wuCXb9JWvYLgTA1WJA/?fmt=auto&%24dq%24=,https://www.xxxlutz.de/p/kaiser-moebel-ecksofa-mit-schlaffunktion-und-bettkasten-l-foermiges-sofa-capri-stoff-verita-rechts-schwarz-800000978505,1
751,ECKSOFA Mit Schlaffunktion Und Bettkasten L-förmiges Sofa Capri Stoff Verita Rechts Stahl,"",799.00,"",Sofas & Couches,https://media.xxxlutz.com/i/xxxlutz/NCsvSZbZ_qvFQjWK6w3DZJkQ/?fmt=auto&%24dq%24=,https://www.xxxlutz.de/p/kaiser-moebel-ecksofa-mit-schlaffunktion-und-bettkasten-l-foermiges-sofa-capri-stoff-verita-rechts-stahl-800000978496,1
